{
  "cleanUrls": true,
  "trailingSlash": false,
  "rewrites": [
    { "source": "/", "destination": "/index.html" },
    { "source": "/home", "destination": "/home.html" },
    { "source": "/album", "destination": "/album.html" },
    { "source": "/artist", "destination": "/artist.html" },
    { "source": "/playlist", "destination": "/playlist.html" },
    { "source": "/song", "destination": "/song.html" },
    { "source": "/podcast", "destination": "/podcast.html" },
    { "source": "/episode", "destination": "/episode.html" }
  ]
}

